<?xml version="1.0" encoding="UTF-8" standalone="yes"?>
<addon id="repository.rasen" name="Rasen repo" version="0.0.5" provider-name="PrevotYann">
    <extension point="xbmc.addon.repository" name="Example Repository">
        <dir>
            <info compressed="false">https://raw.githubusercontent.com/PrevotYann/PrevotYann.github.io/master/repo/zips/addons.xml</info>
            <checksum>https://raw.githubusercontent.com/PrevotYann/PrevotYann.github.io/master/repo/zips/addons.xml.md5</checksum>
            <datadir zip="true">https://raw.githubusercontent.com/PrevotYann/PrevotYann.github.io/master/repo/zips/</datadir>
        </dir>
    </extension>
    <extension point="xbmc.addon.metadata">
        <summary>Rasen's repo</summary>
        <description>French focused addons</description>
        <disclaimer></disclaimer>
        <platform>all</platform>
        <assets>
            <icon>icon.png</icon>
            <fanart>fanart.jpg</fanart>
        </assets>
    </extension>
</addon>
